{"timepoint":{"0":0,"1":1,"2":2,"3":5,"4":30,"5":0,"6":1,"7":2,"8":5,"9":30},"value":{"0":1.0,"1":1.0216862238,"2":1.0650486688,"3":1.0336850563,"4":0.5542320576,"5":1.0,"6":1.1482107248,"7":1.1844370649,"8":1.2022654696,"9":0.9269025693}}