{"timepoint":{"0":0,"1":1,"2":2,"3":5,"4":30,"5":0,"6":1,"7":2,"8":5,"9":30},"value":{"0":1.0,"1":0.5496710471,"2":0.301070768,"3":0.1272341805,"4":0.0192774544,"5":1.0,"6":1.0746980394,"7":0.7088160569,"8":0.3082771767,"9":0.20162466}}